codepoint,base_unicode,joining_group,char_class,label
1542,؆,NO_JOIN,symbol,1542_symbol
1543,؇,NO_JOIN,symbol,1543_symbol
1544,؈,NO_JOIN,symbol,1544_symbol
1545,؉,NO_JOIN,punctuation,1545_punctuation
1546,؊,NO_JOIN,punctuation,1546_punctuation
1547,؋,NO_JOIN,symbol,1547_symbol
1548,،,NO_JOIN,punctuation,1548_punctuation
1549,؍,NO_JOIN,punctuation,1549_punctuation
1550,؎,NO_JOIN,symbol,1550_symbol
1551,؏,NO_JOIN,symbol,1551_symbol
1552,ؐ,NO_JOIN,diacritic,1552_diacritic
1553,ؑ,NO_JOIN,diacritic,1553_diacritic
1554,ؒ,NO_JOIN,diacritic,1554_diacritic
1555,ؓ,NO_JOIN,diacritic,1555_diacritic
1556,ؔ,NO_JOIN,diacritic,1556_diacritic
1557,ؕ,NO_JOIN,diacritic,1557_diacritic
1558,ؖ,NO_JOIN,diacritic,1558_diacritic
1559,ؗ,NO_JOIN,diacritic,1559_diacritic
1560,ؘ,NO_JOIN,diacritic,1560_diacritic
1561,ؙ,NO_JOIN,diacritic,1561_diacritic
1562,ؚ,NO_JOIN,diacritic,1562_diacritic
1563,؛,NO_JOIN,punctuation,1563_punctuation
1565,؝,NO_JOIN,punctuation,1565_punctuation
1566,؞,NO_JOIN,punctuation,1566_punctuation
1567,؟,NO_JOIN,punctuation,1567_punctuation
1568,ؠ,KASHMIRI YEH,isol,1568_isol
1568,ؠ,KASHMIRI YEH,init,1568_init
1568,ؠ,KASHMIRI YEH,medi,1568_medi
1568,ؠ,KASHMIRI YEH,final,1568_final
1569,ء,NO_JOIN,isol,1569_isol
1570,آ,ALEF,isol,1570_isol
1571,أ,ALEF,isol,1571_isol
1572,ؤ,WAW,isol,1572_isol
1573,إ,ALEF,isol,1573_isol
1574,ئ,YEH,isol,1574_isol
1575,ا,ALEF,isol,1575_isol
1576,ب,BEH,isol,1576_isol
1577,ة,TEH MARBUTA,isol,1577_isol
1578,ت,BEH,isol,1578_isol
1579,ث,BEH,isol,1579_isol
1580,ج,HAH,isol,1580_isol
1581,ح,HAH,isol,1581_isol
1582,خ,HAH,isol,1582_isol
1583,د,DAL,isol,1583_isol
1584,ذ,DAL,isol,1584_isol
1585,ر,REH,isol,1585_isol
1586,ز,REH,isol,1586_isol
1587,س,SEEN,isol,1587_isol
1588,ش,SEEN,isol,1588_isol
1589,ص,SAD,isol,1589_isol
1590,ض,SAD,isol,1590_isol
1591,ط,TAH,isol,1591_isol
1592,ظ,TAH,isol,1592_isol
1593,ع,AIN,isol,1593_isol
1594,غ,AIN,isol,1594_isol
1595,ػ,GAF,isol,1595_isol
1595,ػ,GAF,init,1595_init
1595,ػ,GAF,medi,1595_medi
1595,ػ,GAF,final,1595_final
1596,ؼ,GAF,isol,1596_isol
1596,ؼ,GAF,init,1596_init
1596,ؼ,GAF,medi,1596_medi
1596,ؼ,GAF,final,1596_final
1597,ؽ,YEH,isol,1597_isol
1597,ؽ,YEH,init,1597_init
1597,ؽ,YEH,medi,1597_medi
1597,ؽ,YEH,final,1597_final
1598,ؾ,YEH,isol,1598_isol
1598,ؾ,YEH,init,1598_init
1598,ؾ,YEH,medi,1598_medi
1598,ؾ,YEH,final,1598_final
1599,ؿ,YEH,isol,1599_isol
1599,ؿ,YEH,init,1599_init
1599,ؿ,YEH,medi,1599_medi
1599,ؿ,YEH,final,1599_final
1600,ـ,NO_JOIN,isol,1600_isol
1601,ف,FEH,isol,1601_isol
1602,ق,QAF,isol,1602_isol
1603,ك,KAF,isol,1603_isol
1604,ل,LAM,isol,1604_isol
1605,م,MEEM,isol,1605_isol
1606,ن,NOON,isol,1606_isol
1607,ه,HEH,isol,1607_isol
1608,و,WAW,isol,1608_isol
1609,ى,YEH,isol,1609_isol
1610,ي,YEH,isol,1610_isol
1611,ً,NO_JOIN,diacritic,1611_diacritic
1612,ٌ,NO_JOIN,diacritic,1612_diacritic
1613,ٍ,NO_JOIN,diacritic,1613_diacritic
1614,َ,NO_JOIN,diacritic,1614_diacritic
1615,ُ,NO_JOIN,diacritic,1615_diacritic
1616,ِ,NO_JOIN,diacritic,1616_diacritic
1617,ّ,NO_JOIN,diacritic,1617_diacritic
1618,ْ,NO_JOIN,diacritic,1618_diacritic
1619,ٓ,NO_JOIN,diacritic,1619_diacritic
1620,ٔ,NO_JOIN,diacritic,1620_diacritic
1621,ٕ,NO_JOIN,diacritic,1621_diacritic
1622,ٖ,NO_JOIN,diacritic,1622_diacritic
1623,ٗ,NO_JOIN,diacritic,1623_diacritic
1624,٘,NO_JOIN,diacritic,1624_diacritic
1625,ٙ,NO_JOIN,diacritic,1625_diacritic
1626,ٚ,NO_JOIN,diacritic,1626_diacritic
1627,ٛ,NO_JOIN,diacritic,1627_diacritic
1628,ٜ,NO_JOIN,diacritic,1628_diacritic
1629,ٝ,NO_JOIN,diacritic,1629_diacritic
1630,ٞ,NO_JOIN,diacritic,1630_diacritic
1631,ٟ,NO_JOIN,diacritic,1631_diacritic
1632,٠,NO_JOIN,digit,1632_digit
1633,١,NO_JOIN,digit,1633_digit
1634,٢,NO_JOIN,digit,1634_digit
1635,٣,NO_JOIN,digit,1635_digit
1636,٤,NO_JOIN,digit,1636_digit
1637,٥,NO_JOIN,digit,1637_digit
1638,٦,NO_JOIN,digit,1638_digit
1639,٧,NO_JOIN,digit,1639_digit
1640,٨,NO_JOIN,digit,1640_digit
1641,٩,NO_JOIN,digit,1641_digit
1642,٪,NO_JOIN,punctuation,1642_punctuation
1643,٫,NO_JOIN,punctuation,1643_punctuation
1644,٬,NO_JOIN,punctuation,1644_punctuation
1645,٭,NO_JOIN,punctuation,1645_punctuation
1646,ٮ,BEH,isol,1646_isol
1646,ٮ,BEH,init,1646_init
1646,ٮ,BEH,medi,1646_medi
1646,ٮ,BEH,final,1646_final
1647,ٯ,QAF,isol,1647_isol
1647,ٯ,QAF,init,1647_init
1647,ٯ,QAF,medi,1647_medi
1647,ٯ,QAF,final,1647_final
1648,ٰ,NO_JOIN,diacritic,1648_diacritic
1649,ٱ,ALEF,isol,1649_isol
1650,ٲ,ALEF,isol,1650_isol
1650,ٲ,ALEF,final,1650_final
1651,ٳ,ALEF,isol,1651_isol
1651,ٳ,ALEF,final,1651_final
1652,ٴ,NO_JOIN,isol,1652_isol
1653,ٵ,ALEF,isol,1653_isol
1653,ٵ,ALEF,final,1653_final
1654,ٶ,WAW,isol,1654_isol
1654,ٶ,WAW,final,1654_final
1655,ٷ,WAW,isol,1655_isol
1655,ٷ,WAW,final,1655_final
1656,ٸ,YEH,isol,1656_isol
1656,ٸ,YEH,init,1656_init
1656,ٸ,YEH,medi,1656_medi
1656,ٸ,YEH,final,1656_final
1657,ٹ,BEH,isol,1657_isol
1658,ٺ,BEH,isol,1658_isol
1659,ٻ,BEH,isol,1659_isol
1660,ټ,BEH,isol,1660_isol
1660,ټ,BEH,init,1660_init
1660,ټ,BEH,medi,1660_medi
1660,ټ,BEH,final,1660_final
1661,ٽ,BEH,isol,1661_isol
1661,ٽ,BEH,init,1661_init
1661,ٽ,BEH,medi,1661_medi
1661,ٽ,BEH,final,1661_final
1662,پ,BEH,isol,1662_isol
1663,ٿ,BEH,isol,1663_isol
1664,ڀ,BEH,isol,1664_isol
1665,ځ,HAH,isol,1665_isol
1665,ځ,HAH,init,1665_init
1665,ځ,HAH,medi,1665_medi
1665,ځ,HAH,final,1665_final
1666,ڂ,HAH,isol,1666_isol
1666,ڂ,HAH,init,1666_init
1666,ڂ,HAH,medi,1666_medi
1666,ڂ,HAH,final,1666_final
1667,ڃ,HAH,isol,1667_isol
1668,ڄ,HAH,isol,1668_isol
1669,څ,HAH,isol,1669_isol
1669,څ,HAH,init,1669_init
1669,څ,HAH,medi,1669_medi
1669,څ,HAH,final,1669_final
1670,چ,HAH,isol,1670_isol
1671,ڇ,HAH,isol,1671_isol
1672,ڈ,DAL,isol,1672_isol
1673,ډ,DAL,isol,1673_isol
1673,ډ,DAL,final,1673_final
1674,ڊ,DAL,isol,1674_isol
1674,ڊ,DAL,final,1674_final
1675,ڋ,DAL,isol,1675_isol
1675,ڋ,DAL,final,1675_final
1676,ڌ,DAL,isol,1676_isol
1677,ڍ,DAL,isol,1677_isol
1678,ڎ,DAL,isol,1678_isol
1679,ڏ,DAL,isol,1679_isol
1679,ڏ,DAL,final,1679_final
1680,ڐ,DAL,isol,1680_isol
1680,ڐ,DAL,final,1680_final
1681,ڑ,REH,isol,1681_isol
1682,ڒ,REH,isol,1682_isol
1682,ڒ,REH,final,1682_final
1683,ړ,REH,isol,1683_isol
1683,ړ,REH,final,1683_final
1684,ڔ,REH,isol,1684_isol
1684,ڔ,REH,final,1684_final
1685,ڕ,REH,isol,1685_isol
1685,ڕ,REH,final,1685_final
1686,ږ,REH,isol,1686_isol
1686,ږ,REH,final,1686_final
1687,ڗ,REH,isol,1687_isol
1687,ڗ,REH,final,1687_final
1688,ژ,REH,isol,1688_isol
1689,ڙ,REH,isol,1689_isol
1689,ڙ,REH,final,1689_final
1690,ښ,SEEN,isol,1690_isol
1690,ښ,SEEN,init,1690_init
1690,ښ,SEEN,medi,1690_medi
1690,ښ,SEEN,final,1690_final
1691,ڛ,SEEN,isol,1691_isol
1691,ڛ,SEEN,init,1691_init
1691,ڛ,SEEN,medi,1691_medi
1691,ڛ,SEEN,final,1691_final
1692,ڜ,SEEN,isol,1692_isol
1692,ڜ,SEEN,init,1692_init
1692,ڜ,SEEN,medi,1692_medi
1692,ڜ,SEEN,final,1692_final
1693,ڝ,SAD,isol,1693_isol
1693,ڝ,SAD,init,1693_init
1693,ڝ,SAD,medi,1693_medi
1693,ڝ,SAD,final,1693_final
1694,ڞ,SAD,isol,1694_isol
1694,ڞ,SAD,init,1694_init
1694,ڞ,SAD,medi,1694_medi
1694,ڞ,SAD,final,1694_final
1695,ڟ,TAH,isol,1695_isol
1695,ڟ,TAH,init,1695_init
1695,ڟ,TAH,medi,1695_medi
1695,ڟ,TAH,final,1695_final
1696,ڠ,AIN,isol,1696_isol
1696,ڠ,AIN,init,1696_init
1696,ڠ,AIN,medi,1696_medi
1696,ڠ,AIN,final,1696_final
1697,ڡ,FEH,isol,1697_isol
1697,ڡ,FEH,init,1697_init
1697,ڡ,FEH,medi,1697_medi
1697,ڡ,FEH,final,1697_final
1698,ڢ,FEH,isol,1698_isol
1698,ڢ,FEH,init,1698_init
1698,ڢ,FEH,medi,1698_medi
1698,ڢ,FEH,final,1698_final
1699,ڣ,FEH,isol,1699_isol
1699,ڣ,FEH,init,1699_init
1699,ڣ,FEH,medi,1699_medi
1699,ڣ,FEH,final,1699_final
1700,ڤ,FEH,isol,1700_isol
1701,ڥ,FEH,isol,1701_isol
1701,ڥ,FEH,init,1701_init
1701,ڥ,FEH,medi,1701_medi
1701,ڥ,FEH,final,1701_final
1702,ڦ,FEH,isol,1702_isol
1703,ڧ,QAF,isol,1703_isol
1703,ڧ,QAF,init,1703_init
1703,ڧ,QAF,medi,1703_medi
1703,ڧ,QAF,final,1703_final
1704,ڨ,QAF,isol,1704_isol
1704,ڨ,QAF,init,1704_init
1704,ڨ,QAF,medi,1704_medi
1704,ڨ,QAF,final,1704_final
1705,ک,GAF,isol,1705_isol
1707,ګ,GAF,isol,1707_isol
1707,ګ,GAF,init,1707_init
1707,ګ,GAF,medi,1707_medi
1707,ګ,GAF,final,1707_final
1708,ڬ,KAF,isol,1708_isol
1708,ڬ,KAF,init,1708_init
1708,ڬ,KAF,medi,1708_medi
1708,ڬ,KAF,final,1708_final
1709,ڭ,KAF,isol,1709_isol
1710,ڮ,KAF,isol,1710_isol
1710,ڮ,KAF,init,1710_init
1710,ڮ,KAF,medi,1710_medi
1710,ڮ,KAF,final,1710_final
1711,گ,GAF,isol,1711_isol
1712,ڰ,GAF,isol,1712_isol
1712,ڰ,GAF,init,1712_init
1712,ڰ,GAF,medi,1712_medi
1712,ڰ,GAF,final,1712_final
1713,ڱ,GAF,isol,1713_isol
1714,ڲ,GAF,isol,1714_isol
1714,ڲ,GAF,init,1714_init
1714,ڲ,GAF,medi,1714_medi
1714,ڲ,GAF,final,1714_final
1715,ڳ,GAF,isol,1715_isol
1716,ڴ,GAF,isol,1716_isol
1716,ڴ,GAF,init,1716_init
1716,ڴ,GAF,medi,1716_medi
1716,ڴ,GAF,final,1716_final
1717,ڵ,LAM,isol,1717_isol
1717,ڵ,LAM,init,1717_init
1717,ڵ,LAM,medi,1717_medi
1717,ڵ,LAM,final,1717_final
1718,ڶ,LAM,isol,1718_isol
1718,ڶ,LAM,init,1718_init
1718,ڶ,LAM,medi,1718_medi
1718,ڶ,LAM,final,1718_final
1719,ڷ,LAM,isol,1719_isol
1719,ڷ,LAM,init,1719_init
1719,ڷ,LAM,medi,1719_medi
1719,ڷ,LAM,final,1719_final
1720,ڸ,LAM,isol,1720_isol
1720,ڸ,LAM,init,1720_init
1720,ڸ,LAM,medi,1720_medi
1720,ڸ,LAM,final,1720_final
1721,ڹ,NOON,isol,1721_isol
1721,ڹ,NOON,init,1721_init
1721,ڹ,NOON,medi,1721_medi
1721,ڹ,NOON,final,1721_final
1722,ں,NOON,isol,1722_isol
1722,ں,NOON,init,1722_init
1722,ں,NOON,medi,1722_medi
1723,ڻ,NOON,isol,1723_isol
1724,ڼ,NOON,isol,1724_isol
1724,ڼ,NOON,init,1724_init
1724,ڼ,NOON,medi,1724_medi
1724,ڼ,NOON,final,1724_final
1725,ڽ,NYA,isol,1725_isol
1725,ڽ,NYA,init,1725_init
1725,ڽ,NYA,medi,1725_medi
1725,ڽ,NYA,final,1725_final
1726,ھ,KNOTTED HEH,isol,1726_isol
1727,ڿ,HAH,isol,1727_isol
1727,ڿ,HAH,init,1727_init
1727,ڿ,HAH,medi,1727_medi
1727,ڿ,HAH,final,1727_final
1728,ۀ,TEH MARBUTA,isol,1728_isol
1729,ہ,HEH GOAL,isol,1729_isol
1730,ۂ,HEH GOAL,isol,1730_isol
1730,ۂ,HEH GOAL,init,1730_init
1730,ۂ,HEH GOAL,medi,1730_medi
1730,ۂ,HEH GOAL,final,1730_final
1731,ۃ,TEH MARBUTA GOAL,isol,1731_isol
1731,ۃ,TEH MARBUTA GOAL,final,1731_final
1732,ۄ,WAW,isol,1732_isol
1732,ۄ,WAW,final,1732_final
1733,ۅ,WAW,isol,1733_isol
1734,ۆ,WAW,isol,1734_isol
1735,ۇ,WAW,isol,1735_isol
1736,ۈ,WAW,isol,1736_isol
1737,ۉ,WAW,isol,1737_isol
1738,ۊ,WAW,isol,1738_isol
1738,ۊ,WAW,final,1738_final
1739,ۋ,WAW,isol,1739_isol
1740,ی,YEH,isol,1740_isol
1741,ۍ,YEH WITH TAIL,isol,1741_isol
1741,ۍ,YEH WITH TAIL,final,1741_final
1742,ێ,YEH,isol,1742_isol
1742,ێ,YEH,init,1742_init
1742,ێ,YEH,medi,1742_medi
1742,ێ,YEH,final,1742_final
1743,ۏ,WAW,isol,1743_isol
1743,ۏ,WAW,final,1743_final
1744,ې,YEH,isol,1744_isol
1745,ۑ,YEH,isol,1745_isol
1745,ۑ,YEH,init,1745_init
1745,ۑ,YEH,medi,1745_medi
1745,ۑ,YEH,final,1745_final
1746,ے,YEH BARREE,isol,1746_isol
1747,ۓ,YEH BARREE,isol,1747_isol
1758,۞,NO_JOIN,symbol,1758_symbol
1769,۩,NO_JOIN,symbol,1769_symbol
1774,ۮ,DAL,isol,1774_isol
1774,ۮ,DAL,final,1774_final
1775,ۯ,REH,isol,1775_isol
1775,ۯ,REH,final,1775_final
1776,۰,NO_JOIN,digit,1776_digit
1777,۱,NO_JOIN,digit,1777_digit
1778,۲,NO_JOIN,digit,1778_digit
1779,۳,NO_JOIN,digit,1779_digit
1780,۴,NO_JOIN,digit,1780_digit
1781,۵,NO_JOIN,digit,1781_digit
1782,۶,NO_JOIN,digit,1782_digit
1783,۷,NO_JOIN,digit,1783_digit
1784,۸,NO_JOIN,digit,1784_digit
1785,۹,NO_JOIN,digit,1785_digit
1786,ۺ,SEEN,isol,1786_isol
1786,ۺ,SEEN,init,1786_init
1786,ۺ,SEEN,medi,1786_medi
1786,ۺ,SEEN,final,1786_final
1787,ۻ,SAD,isol,1787_isol
1787,ۻ,SAD,init,1787_init
1787,ۻ,SAD,medi,1787_medi
1787,ۻ,SAD,final,1787_final
1788,ۼ,AIN,isol,1788_isol
1788,ۼ,AIN,init,1788_init
1788,ۼ,AIN,medi,1788_medi
1788,ۼ,AIN,final,1788_final
1789,۽,NO_JOIN,symbol,1789_symbol
1790,۾,NO_JOIN,symbol,1790_symbol
1791,ۿ,KNOTTED HEH,isol,1791_isol
1791,ۿ,KNOTTED HEH,init,1791_init
1791,ۿ,KNOTTED HEH,medi,1791_medi
1791,ۿ,KNOTTED HEH,final,1791_final
64336,ﭐ,ALEF,isol,64336_isol
64337,ﭑ,ALEF,final,64337_final
64338,ﭒ,BEH,isol,64338_isol
64339,ﭓ,BEH,final,64339_final
64340,ﭔ,BEH,init,64340_init
64341,ﭕ,BEH,medi,64341_medi
64342,ﭖ,BEH,isol,64342_isol
64343,ﭗ,BEH,final,64343_final
64344,ﭘ,BEH,init,64344_init
64345,ﭙ,BEH,medi,64345_medi
64346,ﭚ,BEH,isol,64346_isol
64347,ﭛ,BEH,final,64347_final
64348,ﭜ,BEH,init,64348_init
64349,ﭝ,BEH,medi,64349_medi
64350,ﭞ,BEH,isol,64350_isol
64351,ﭟ,BEH,final,64351_final
64352,ﭠ,BEH,init,64352_init
64353,ﭡ,BEH,medi,64353_medi
64354,ﭢ,BEH,isol,64354_isol
64355,ﭣ,BEH,final,64355_final
64356,ﭤ,BEH,init,64356_init
64357,ﭥ,BEH,medi,64357_medi
64358,ﭦ,BEH,isol,64358_isol
64359,ﭧ,BEH,final,64359_final
64360,ﭨ,BEH,init,64360_init
64361,ﭩ,BEH,medi,64361_medi
64362,ﭪ,FEH,isol,64362_isol
64363,ﭫ,FEH,final,64363_final
64364,ﭬ,FEH,init,64364_init
64365,ﭭ,FEH,medi,64365_medi
64366,ﭮ,FEH,isol,64366_isol
64367,ﭯ,FEH,final,64367_final
64368,ﭰ,FEH,init,64368_init
64369,ﭱ,FEH,medi,64369_medi
64370,ﭲ,HAH,isol,64370_isol
64371,ﭳ,HAH,final,64371_final
64372,ﭴ,HAH,init,64372_init
64373,ﭵ,HAH,medi,64373_medi
64374,ﭶ,HAH,isol,64374_isol
64375,ﭷ,HAH,final,64375_final
64376,ﭸ,HAH,init,64376_init
64377,ﭹ,HAH,medi,64377_medi
64378,ﭺ,HAH,isol,64378_isol
64379,ﭻ,HAH,final,64379_final
64380,ﭼ,HAH,init,64380_init
64381,ﭽ,HAH,medi,64381_medi
64382,ﭾ,HAH,isol,64382_isol
64383,ﭿ,HAH,final,64383_final
64384,ﮀ,HAH,init,64384_init
64385,ﮁ,HAH,medi,64385_medi
64386,ﮂ,DAL,isol,64386_isol
64387,ﮃ,DAL,final,64387_final
64388,ﮄ,DAL,isol,64388_isol
64389,ﮅ,DAL,final,64389_final
64390,ﮆ,DAL,isol,64390_isol
64391,ﮇ,DAL,final,64391_final
64392,ﮈ,DAL,isol,64392_isol
64393,ﮉ,DAL,final,64393_final
64394,ﮊ,REH,isol,64394_isol
64395,ﮋ,REH,final,64395_final
64396,ﮌ,REH,isol,64396_isol
64397,ﮍ,REH,final,64397_final
64398,ﮎ,GAF,isol,64398_isol
64399,ﮏ,GAF,final,64399_final
64400,ﮐ,GAF,init,64400_init
64401,ﮑ,GAF,medi,64401_medi
64402,ﮒ,GAF,isol,64402_isol
64403,ﮓ,GAF,final,64403_final
64404,ﮔ,GAF,init,64404_init
64405,ﮕ,GAF,medi,64405_medi
64406,ﮖ,GAF,isol,64406_isol
64407,ﮗ,GAF,final,64407_final
64408,ﮘ,GAF,init,64408_init
64409,ﮙ,GAF,medi,64409_medi
64410,ﮚ,GAF,isol,64410_isol
64411,ﮛ,GAF,final,64411_final
64412,ﮜ,GAF,init,64412_init
64413,ﮝ,GAF,medi,64413_medi
64414,ﮞ,NOON,isol,64414_isol
64415,ﮟ,NOON,final,64415_final
64416,ﮠ,NOON,isol,64416_isol
64417,ﮡ,NOON,final,64417_final
64418,ﮢ,NOON,init,64418_init
64419,ﮣ,NOON,medi,64419_medi
64420,ﮤ,TEH MARBUTA,isol,64420_isol
64421,ﮥ,TEH MARBUTA,final,64421_final
64422,ﮦ,HEH GOAL,isol,64422_isol
64423,ﮧ,HEH GOAL,final,64423_final
64424,ﮨ,HEH GOAL,init,64424_init
64425,ﮩ,HEH GOAL,medi,64425_medi
64426,ﮪ,KNOTTED HEH,isol,64426_isol
64427,ﮫ,KNOTTED HEH,final,64427_final
64428,ﮬ,KNOTTED HEH,init,64428_init
64429,ﮭ,KNOTTED HEH,medi,64429_medi
64430,ﮮ,YEH BARREE,isol,64430_isol
64431,ﮯ,YEH BARREE,final,64431_final
64432,ﮰ,YEH BARREE,isol,64432_isol
64433,ﮱ,YEH BARREE,final,64433_final
64467,ﯓ,KAF,isol,64467_isol
64468,ﯔ,KAF,final,64468_final
64469,ﯕ,KAF,init,64469_init
64470,ﯖ,KAF,medi,64470_medi
64471,ﯗ,WAW,isol,64471_isol
64472,ﯘ,WAW,final,64472_final
64473,ﯙ,WAW,isol,64473_isol
64474,ﯚ,WAW,final,64474_final
64475,ﯛ,WAW,isol,64475_isol
64476,ﯜ,WAW,final,64476_final
64477,ﯝ,WAW,isol,64477_isol
64478,ﯞ,WAW,isol,64478_isol
64479,ﯟ,WAW,final,64479_final
64480,ﯠ,WAW,isol,64480_isol
64481,ﯡ,WAW,final,64481_final
64482,ﯢ,WAW,isol,64482_isol
64483,ﯣ,WAW,final,64483_final
64484,ﯤ,YEH,isol,64484_isol
64485,ﯥ,YEH,final,64485_final
64486,ﯦ,YEH,init,64486_init
64487,ﯧ,YEH,medi,64487_medi
64488,ﯨ,YEH,init,64488_init
64489,ﯩ,YEH,medi,64489_medi
64490,ﯪ,"YEH,ALEF",liga,64490_liga
64491,ﯫ,"YEH,ALEF",liga,64491_liga
64492,ﯬ,"YEH,TEH MARBUTA",liga,64492_liga
64493,ﯭ,"YEH,TEH MARBUTA",liga,64493_liga
64494,ﯮ,"YEH,WAW",liga,64494_liga
64495,ﯯ,"YEH,WAW",liga,64495_liga
64496,ﯰ,"YEH,WAW",liga,64496_liga
64497,ﯱ,"YEH,WAW",liga,64497_liga
64498,ﯲ,"YEH,WAW",liga,64498_liga
64499,ﯳ,"YEH,WAW",liga,64499_liga
64500,ﯴ,"YEH,WAW",liga,64500_liga
64501,ﯵ,"YEH,WAW",liga,64501_liga
64502,ﯶ,"YEH,YEH",liga,64502_liga
64503,ﯷ,"YEH,YEH",liga,64503_liga
64504,ﯸ,"YEH,YEH",liga,64504_liga
64505,ﯹ,"YEH,YEH",liga,64505_liga
64506,ﯺ,"YEH,YEH",liga,64506_liga
64507,ﯻ,"YEH,YEH",liga,64507_liga
64508,ﯼ,YEH,isol,64508_isol
64509,ﯽ,YEH,final,64509_final
64510,ﯾ,YEH,init,64510_init
64511,ﯿ,YEH,medi,64511_medi
64512,ﰀ,"YEH,HAH",liga,64512_liga
64513,ﰁ,"YEH,HAH",liga,64513_liga
64514,ﰂ,"YEH,MEEM",liga,64514_liga
64515,ﰃ,"YEH,YEH",liga,64515_liga
64516,ﰄ,"YEH,YEH",liga,64516_liga
64517,ﰅ,"BEH,HAH",liga,64517_liga
64518,ﰆ,"BEH,HAH",liga,64518_liga
64519,ﰇ,"BEH,HAH",liga,64519_liga
64520,ﰈ,"BEH,MEEM",liga,64520_liga
64521,ﰉ,"BEH,YEH",liga,64521_liga
64522,ﰊ,"BEH,YEH",liga,64522_liga
64523,ﰋ,"BEH,HAH",liga,64523_liga
64524,ﰌ,"BEH,HAH",liga,64524_liga
64525,ﰍ,"BEH,HAH",liga,64525_liga
64526,ﰎ,"BEH,MEEM",liga,64526_liga
64527,ﰏ,"BEH,YEH",liga,64527_liga
64528,ﰐ,"BEH,YEH",liga,64528_liga
64529,ﰑ,"BEH,HAH",liga,64529_liga
64530,ﰒ,"BEH,MEEM",liga,64530_liga
64531,ﰓ,"BEH,YEH",liga,64531_liga
64532,ﰔ,"BEH,YEH",liga,64532_liga
64533,ﰕ,"HAH,HAH",liga,64533_liga
64534,ﰖ,"HAH,MEEM",liga,64534_liga
64535,ﰗ,"HAH,HAH",liga,64535_liga
64536,ﰘ,"HAH,MEEM",liga,64536_liga
64537,ﰙ,"HAH,HAH",liga,64537_liga
64538,ﰚ,"HAH,HAH",liga,64538_liga
64539,ﰛ,"HAH,MEEM",liga,64539_liga
64540,ﰜ,"SEEN,HAH",liga,64540_liga
64541,ﰝ,"SEEN,HAH",liga,64541_liga
64542,ﰞ,"SEEN,HAH",liga,64542_liga
64543,ﰟ,"SEEN,MEEM",liga,64543_liga
64544,ﰠ,"SAD,HAH",liga,64544_liga
64545,ﰡ,"SAD,MEEM",liga,64545_liga
64546,ﰢ,"SAD,HAH",liga,64546_liga
64547,ﰣ,"SAD,HAH",liga,64547_liga
64548,ﰤ,"SAD,HAH",liga,64548_liga
64549,ﰥ,"SAD,MEEM",liga,64549_liga
64550,ﰦ,"TAH,HAH",liga,64550_liga
64551,ﰧ,"TAH,MEEM",liga,64551_liga
64552,ﰨ,"TAH,MEEM",liga,64552_liga
64553,ﰩ,"AIN,HAH",liga,64553_liga
64554,ﰪ,"AIN,MEEM",liga,64554_liga
64555,ﰫ,"AIN,HAH",liga,64555_liga
64556,ﰬ,"AIN,MEEM",liga,64556_liga
64557,ﰭ,"FEH,HAH",liga,64557_liga
64558,ﰮ,"FEH,HAH",liga,64558_liga
64559,ﰯ,"FEH,HAH",liga,64559_liga
64560,ﰰ,"FEH,MEEM",liga,64560_liga
64561,ﰱ,"FEH,YEH",liga,64561_liga
64562,ﰲ,"FEH,YEH",liga,64562_liga
64563,ﰳ,"QAF,HAH",liga,64563_liga
64564,ﰴ,"QAF,MEEM",liga,64564_liga
64565,ﰵ,"QAF,YEH",liga,64565_liga
64566,ﰶ,"QAF,YEH",liga,64566_liga
64567,ﰷ,"KAF,ALEF",liga,64567_liga
64568,ﰸ,"KAF,HAH",liga,64568_liga
64569,ﰹ,"KAF,HAH",liga,64569_liga
64570,ﰺ,"KAF,HAH",liga,64570_liga
64571,ﰻ,"KAF,LAM",liga,64571_liga
64572,ﰼ,"KAF,MEEM",liga,64572_liga
64573,ﰽ,"KAF,YEH",liga,64573_liga
64574,ﰾ,"KAF,YEH",liga,64574_liga
64575,ﰿ,"LAM,HAH",liga,64575_liga
64576,ﱀ,"LAM,HAH",liga,64576_liga
64577,ﱁ,"LAM,HAH",liga,64577_liga
64578,ﱂ,"LAM,MEEM",liga,64578_liga
64579,ﱃ,"LAM,YEH",liga,64579_liga
64580,ﱄ,"LAM,YEH",liga,64580_liga
64581,ﱅ,"MEEM,HAH",liga,64581_liga
64582,ﱆ,"MEEM,HAH",liga,64582_liga
64583,ﱇ,"MEEM,HAH",liga,64583_liga
64584,ﱈ,"MEEM,MEEM",liga,64584_liga
64585,ﱉ,"MEEM,YEH",liga,64585_liga
64586,ﱊ,"MEEM,YEH",liga,64586_liga
64587,ﱋ,"NOON,HAH",liga,64587_liga
64588,ﱌ,"NOON,HAH",liga,64588_liga
64589,ﱍ,"NOON,HAH",liga,64589_liga
64590,ﱎ,"NOON,MEEM",liga,64590_liga
64591,ﱏ,"NOON,YEH",liga,64591_liga
64592,ﱐ,"NOON,YEH",liga,64592_liga
64593,ﱑ,"HEH,HAH",liga,64593_liga
64594,ﱒ,"HEH,MEEM",liga,64594_liga
64595,ﱓ,"HEH,YEH",liga,64595_liga
64596,ﱔ,"HEH,YEH",liga,64596_liga
64597,ﱕ,"YEH,HAH",liga,64597_liga
64598,ﱖ,"YEH,HAH",liga,64598_liga
64599,ﱗ,"YEH,HAH",liga,64599_liga
64600,ﱘ,"YEH,MEEM",liga,64600_liga
64601,ﱙ,"YEH,YEH",liga,64601_liga
64602,ﱚ,"YEH,YEH",liga,64602_liga
64603,ﱛ,"DAL,NO_JOIN",liga,64603_liga
64604,ﱜ,"REH,NO_JOIN",liga,64604_liga
64605,ﱝ,"YEH,NO_JOIN",liga,64605_liga
64612,ﱤ,"YEH,REH",liga,64612_liga
64613,ﱥ,"YEH,REH",liga,64613_liga
64614,ﱦ,"YEH,MEEM",liga,64614_liga
64615,ﱧ,"YEH,NOON",liga,64615_liga
64616,ﱨ,"YEH,YEH",liga,64616_liga
64617,ﱩ,"YEH,YEH",liga,64617_liga
64618,ﱪ,"BEH,REH",liga,64618_liga
64619,ﱫ,"BEH,REH",liga,64619_liga
64620,ﱬ,"BEH,MEEM",liga,64620_liga
64621,ﱭ,"BEH,NOON",liga,64621_liga
64622,ﱮ,"BEH,YEH",liga,64622_liga
64623,ﱯ,"BEH,YEH",liga,64623_liga
64624,ﱰ,"BEH,REH",liga,64624_liga
64625,ﱱ,"BEH,REH",liga,64625_liga
64626,ﱲ,"BEH,MEEM",liga,64626_liga
64627,ﱳ,"BEH,NOON",liga,64627_liga
64628,ﱴ,"BEH,YEH",liga,64628_liga
64629,ﱵ,"BEH,YEH",liga,64629_liga
64630,ﱶ,"BEH,REH",liga,64630_liga
64631,ﱷ,"BEH,REH",liga,64631_liga
64632,ﱸ,"BEH,MEEM",liga,64632_liga
64633,ﱹ,"BEH,NOON",liga,64633_liga
64634,ﱺ,"BEH,YEH",liga,64634_liga
64635,ﱻ,"BEH,YEH",liga,64635_liga
64636,ﱼ,"FEH,YEH",liga,64636_liga
64637,ﱽ,"FEH,YEH",liga,64637_liga
64638,ﱾ,"QAF,YEH",liga,64638_liga
64639,ﱿ,"QAF,YEH",liga,64639_liga
64640,ﲀ,"KAF,ALEF",liga,64640_liga
64641,ﲁ,"KAF,LAM",liga,64641_liga
64642,ﲂ,"KAF,MEEM",liga,64642_liga
64643,ﲃ,"KAF,YEH",liga,64643_liga
64644,ﲄ,"KAF,YEH",liga,64644_liga
64645,ﲅ,"LAM,MEEM",liga,64645_liga
64646,ﲆ,"LAM,YEH",liga,64646_liga
64647,ﲇ,"LAM,YEH",liga,64647_liga
64648,ﲈ,"MEEM,ALEF",liga,64648_liga
64649,ﲉ,"MEEM,MEEM",liga,64649_liga
64650,ﲊ,"NOON,REH",liga,64650_liga
64651,ﲋ,"NOON,REH",liga,64651_liga
64652,ﲌ,"NOON,MEEM",liga,64652_liga
64653,ﲍ,"NOON,NOON",liga,64653_liga
64654,ﲎ,"NOON,YEH",liga,64654_liga
64655,ﲏ,"NOON,YEH",liga,64655_liga
64656,ﲐ,"YEH,NO_JOIN",liga,64656_liga
64657,ﲑ,"YEH,REH",liga,64657_liga
64658,ﲒ,"YEH,REH",liga,64658_liga
64659,ﲓ,"YEH,MEEM",liga,64659_liga
64660,ﲔ,"YEH,NOON",liga,64660_liga
64661,ﲕ,"YEH,YEH",liga,64661_liga
64662,ﲖ,"YEH,YEH",liga,64662_liga
64663,ﲗ,"YEH,HAH",liga,64663_liga
64664,ﲘ,"YEH,HAH",liga,64664_liga
64665,ﲙ,"YEH,HAH",liga,64665_liga
64666,ﲚ,"YEH,MEEM",liga,64666_liga
64667,ﲛ,"YEH,HEH",liga,64667_liga
64668,ﲜ,"BEH,HAH",liga,64668_liga
64669,ﲝ,"BEH,HAH",liga,64669_liga
64670,ﲞ,"BEH,HAH",liga,64670_liga
64671,ﲟ,"BEH,MEEM",liga,64671_liga
64672,ﲠ,"BEH,HEH",liga,64672_liga
64673,ﲡ,"BEH,HAH",liga,64673_liga
64674,ﲢ,"BEH,HAH",liga,64674_liga
64675,ﲣ,"BEH,HAH",liga,64675_liga
64676,ﲤ,"BEH,MEEM",liga,64676_liga
64677,ﲥ,"BEH,HEH",liga,64677_liga
64678,ﲦ,"BEH,MEEM",liga,64678_liga
64679,ﲧ,"HAH,HAH",liga,64679_liga
64680,ﲨ,"HAH,MEEM",liga,64680_liga
64681,ﲩ,"HAH,HAH",liga,64681_liga
64682,ﲪ,"HAH,MEEM",liga,64682_liga
64683,ﲫ,"HAH,HAH",liga,64683_liga
64684,ﲬ,"HAH,MEEM",liga,64684_liga
64685,ﲭ,"SEEN,HAH",liga,64685_liga
64686,ﲮ,"SEEN,HAH",liga,64686_liga
64687,ﲯ,"SEEN,HAH",liga,64687_liga
64688,ﲰ,"SEEN,MEEM",liga,64688_liga
64689,ﲱ,"SAD,HAH",liga,64689_liga
64690,ﲲ,"SAD,HAH",liga,64690_liga
64691,ﲳ,"SAD,MEEM",liga,64691_liga
64692,ﲴ,"SAD,HAH",liga,64692_liga
64693,ﲵ,"SAD,HAH",liga,64693_liga
64694,ﲶ,"SAD,HAH",liga,64694_liga
64695,ﲷ,"SAD,MEEM",liga,64695_liga
64696,ﲸ,"TAH,HAH",liga,64696_liga
64697,ﲹ,"TAH,MEEM",liga,64697_liga
64698,ﲺ,"AIN,HAH",liga,64698_liga
64699,ﲻ,"AIN,MEEM",liga,64699_liga
64700,ﲼ,"AIN,HAH",liga,64700_liga
64701,ﲽ,"AIN,MEEM",liga,64701_liga
64702,ﲾ,"FEH,HAH",liga,64702_liga
64703,ﲿ,"FEH,HAH",liga,64703_liga
64704,ﳀ,"FEH,HAH",liga,64704_liga
64705,ﳁ,"FEH,MEEM",liga,64705_liga
64706,ﳂ,"QAF,HAH",liga,64706_liga
64707,ﳃ,"QAF,MEEM",liga,64707_liga
64708,ﳄ,"KAF,HAH",liga,64708_liga
64709,ﳅ,"KAF,HAH",liga,64709_liga
64710,ﳆ,"KAF,HAH",liga,64710_liga
64711,ﳇ,"KAF,LAM",liga,64711_liga
64712,ﳈ,"KAF,MEEM",liga,64712_liga
64713,ﳉ,"LAM,HAH",liga,64713_liga
64714,ﳊ,"LAM,HAH",liga,64714_liga
64715,ﳋ,"LAM,HAH",liga,64715_liga
64716,ﳌ,"LAM,MEEM",liga,64716_liga
64717,ﳍ,"LAM,HEH",liga,64717_liga
64718,ﳎ,"MEEM,HAH",liga,64718_liga
64719,ﳏ,"MEEM,HAH",liga,64719_liga
64720,ﳐ,"MEEM,HAH",liga,64720_liga
64721,ﳑ,"MEEM,MEEM",liga,64721_liga
64722,ﳒ,"NOON,HAH",liga,64722_liga
64723,ﳓ,"NOON,HAH",liga,64723_liga
64724,ﳔ,"NOON,HAH",liga,64724_liga
64725,ﳕ,"NOON,MEEM",liga,64725_liga
64726,ﳖ,"NOON,HEH",liga,64726_liga
64727,ﳗ,"HEH,HAH",liga,64727_liga
64728,ﳘ,"HEH,MEEM",liga,64728_liga
64729,ﳙ,"HEH,NO_JOIN",liga,64729_liga
64730,ﳚ,"YEH,HAH",liga,64730_liga
64731,ﳛ,"YEH,HAH",liga,64731_liga
64732,ﳜ,"YEH,HAH",liga,64732_liga
64733,ﳝ,"YEH,MEEM",liga,64733_liga
64734,ﳞ,"YEH,HEH",liga,64734_liga
64735,ﳟ,"YEH,MEEM",liga,64735_liga
64736,ﳠ,"YEH,HEH",liga,64736_liga
64737,ﳡ,"BEH,MEEM",liga,64737_liga
64738,ﳢ,"BEH,HEH",liga,64738_liga
64739,ﳣ,"BEH,MEEM",liga,64739_liga
64740,ﳤ,"BEH,HEH",liga,64740_liga
64741,ﳥ,"BEH,MEEM",liga,64741_liga
64742,ﳦ,"BEH,HEH",liga,64742_liga
64743,ﳧ,"SEEN,MEEM",liga,64743_liga
64744,ﳨ,"SEEN,HEH",liga,64744_liga
64745,ﳩ,"SEEN,MEEM",liga,64745_liga
64746,ﳪ,"SEEN,HEH",liga,64746_liga
64747,ﳫ,"KAF,LAM",liga,64747_liga
64748,ﳬ,"KAF,MEEM",liga,64748_liga
64749,ﳭ,"LAM,MEEM",liga,64749_liga
64750,ﳮ,"NOON,MEEM",liga,64750_liga
64751,ﳯ,"NOON,HEH",liga,64751_liga
64752,ﳰ,"YEH,MEEM",liga,64752_liga
64753,ﳱ,"YEH,HEH",liga,64753_liga
64757,ﳵ,"TAH,YEH",liga,64757_liga
64758,ﳶ,"TAH,YEH",liga,64758_liga
64759,ﳷ,"AIN,YEH",liga,64759_liga
64760,ﳸ,"AIN,YEH",liga,64760_liga
64761,ﳹ,"AIN,YEH",liga,64761_liga
64762,ﳺ,"AIN,YEH",liga,64762_liga
64763,ﳻ,"SEEN,YEH",liga,64763_liga
64764,ﳼ,"SEEN,YEH",liga,64764_liga
64765,ﳽ,"SEEN,YEH",liga,64765_liga
64766,ﳾ,"SEEN,YEH",liga,64766_liga
64767,ﳿ,"HAH,YEH",liga,64767_liga
64768,ﴀ,"HAH,YEH",liga,64768_liga
64769,ﴁ,"HAH,YEH",liga,64769_liga
64770,ﴂ,"HAH,YEH",liga,64770_liga
64771,ﴃ,"HAH,YEH",liga,64771_liga
64772,ﴄ,"HAH,YEH",liga,64772_liga
64773,ﴅ,"SAD,YEH",liga,64773_liga
64774,ﴆ,"SAD,YEH",liga,64774_liga
64775,ﴇ,"SAD,YEH",liga,64775_liga
64776,ﴈ,"SAD,YEH",liga,64776_liga
64777,ﴉ,"SEEN,HAH",liga,64777_liga
64778,ﴊ,"SEEN,HAH",liga,64778_liga
64779,ﴋ,"SEEN,HAH",liga,64779_liga
64780,ﴌ,"SEEN,MEEM",liga,64780_liga
64781,ﴍ,"SEEN,REH",liga,64781_liga
64782,ﴎ,"SEEN,REH",liga,64782_liga
64783,ﴏ,"SAD,REH",liga,64783_liga
64784,ﴐ,"SAD,REH",liga,64784_liga
64785,ﴑ,"TAH,YEH",liga,64785_liga
64786,ﴒ,"TAH,YEH",liga,64786_liga
64787,ﴓ,"AIN,YEH",liga,64787_liga
64788,ﴔ,"AIN,YEH",liga,64788_liga
64789,ﴕ,"AIN,YEH",liga,64789_liga
64790,ﴖ,"AIN,YEH",liga,64790_liga
64791,ﴗ,"SEEN,YEH",liga,64791_liga
64792,ﴘ,"SEEN,YEH",liga,64792_liga
64793,ﴙ,"SEEN,YEH",liga,64793_liga
64794,ﴚ,"SEEN,YEH",liga,64794_liga
64795,ﴛ,"HAH,YEH",liga,64795_liga
64796,ﴜ,"HAH,YEH",liga,64796_liga
64797,ﴝ,"HAH,YEH",liga,64797_liga
64798,ﴞ,"HAH,YEH",liga,64798_liga
64799,ﴟ,"HAH,YEH",liga,64799_liga
64800,ﴠ,"HAH,YEH",liga,64800_liga
64801,ﴡ,"SAD,YEH",liga,64801_liga
64802,ﴢ,"SAD,YEH",liga,64802_liga
64803,ﴣ,"SAD,YEH",liga,64803_liga
64804,ﴤ,"SAD,YEH",liga,64804_liga
64805,ﴥ,"SEEN,HAH",liga,64805_liga
64806,ﴦ,"SEEN,HAH",liga,64806_liga
64807,ﴧ,"SEEN,HAH",liga,64807_liga
64808,ﴨ,"SEEN,MEEM",liga,64808_liga
64809,ﴩ,"SEEN,REH",liga,64809_liga
64810,ﴪ,"SEEN,REH",liga,64810_liga
64811,ﴫ,"SAD,REH",liga,64811_liga
64812,ﴬ,"SAD,REH",liga,64812_liga
64813,ﴭ,"SEEN,HAH",liga,64813_liga
64814,ﴮ,"SEEN,HAH",liga,64814_liga
64815,ﴯ,"SEEN,HAH",liga,64815_liga
64816,ﴰ,"SEEN,MEEM",liga,64816_liga
64817,ﴱ,"SEEN,HEH",liga,64817_liga
64818,ﴲ,"SEEN,HEH",liga,64818_liga
64819,ﴳ,"TAH,MEEM",liga,64819_liga
64820,ﴴ,"SEEN,HAH",liga,64820_liga
64821,ﴵ,"SEEN,HAH",liga,64821_liga
64822,ﴶ,"SEEN,HAH",liga,64822_liga
64823,ﴷ,"SEEN,HAH",liga,64823_liga
64824,ﴸ,"SEEN,HAH",liga,64824_liga
64825,ﴹ,"SEEN,HAH",liga,64825_liga
64826,ﴺ,"TAH,MEEM",liga,64826_liga
64827,ﴻ,"TAH,MEEM",liga,64827_liga
64828,ﴼ,"ALEF,NO_JOIN",liga,64828_liga
64829,ﴽ,"ALEF,NO_JOIN",liga,64829_liga
64830,﴾,NO_JOIN,symbol,64830_symbol
64831,﴿,NO_JOIN,symbol,64831_symbol
64832,﵀,NO_JOIN,symbol,64832_symbol
64833,﵁,NO_JOIN,symbol,64833_symbol
64835,﵃,NO_JOIN,symbol,64835_symbol
64836,﵄,NO_JOIN,symbol,64836_symbol
64837,﵅,NO_JOIN,symbol,64837_symbol
64838,﵆,NO_JOIN,symbol,64838_symbol
64839,﵇,NO_JOIN,symbol,64839_symbol
64840,﵈,NO_JOIN,symbol,64840_symbol
64841,﵉,NO_JOIN,symbol,64841_symbol
64842,﵊,NO_JOIN,symbol,64842_symbol
64843,﵋,NO_JOIN,symbol,64843_symbol
64844,﵌,NO_JOIN,symbol,64844_symbol
64845,﵍,NO_JOIN,symbol,64845_symbol
64846,﵎,NO_JOIN,symbol,64846_symbol
64847,﵏,NO_JOIN,symbol,64847_symbol
64848,ﵐ,"BEH,HAH,MEEM",liga,64848_liga
64849,ﵑ,"BEH,HAH,HAH",liga,64849_liga
64850,ﵒ,"BEH,HAH,HAH",liga,64850_liga
64851,ﵓ,"BEH,HAH,MEEM",liga,64851_liga
64852,ﵔ,"BEH,HAH,MEEM",liga,64852_liga
64853,ﵕ,"BEH,MEEM,HAH",liga,64853_liga
64854,ﵖ,"BEH,MEEM,HAH",liga,64854_liga
64855,ﵗ,"BEH,MEEM,HAH",liga,64855_liga
64856,ﵘ,"HAH,MEEM,HAH",liga,64856_liga
64857,ﵙ,"HAH,MEEM,HAH",liga,64857_liga
64858,ﵚ,"HAH,MEEM,YEH",liga,64858_liga
64859,ﵛ,"HAH,MEEM,YEH",liga,64859_liga
64860,ﵜ,"SEEN,HAH,HAH",liga,64860_liga
64861,ﵝ,"SEEN,HAH,HAH",liga,64861_liga
64862,ﵞ,"SEEN,HAH,YEH",liga,64862_liga
64863,ﵟ,"SEEN,MEEM,HAH",liga,64863_liga
64864,ﵠ,"SEEN,MEEM,HAH",liga,64864_liga
64865,ﵡ,"SEEN,MEEM,HAH",liga,64865_liga
64866,ﵢ,"SEEN,MEEM,MEEM",liga,64866_liga
64867,ﵣ,"SEEN,MEEM,MEEM",liga,64867_liga
64868,ﵤ,"SAD,HAH,HAH",liga,64868_liga
64869,ﵥ,"SAD,HAH,HAH",liga,64869_liga
64870,ﵦ,"SAD,MEEM,MEEM",liga,64870_liga
64871,ﵧ,"SEEN,HAH,MEEM",liga,64871_liga
64872,ﵨ,"SEEN,HAH,MEEM",liga,64872_liga
64873,ﵩ,"SEEN,HAH,YEH",liga,64873_liga
64874,ﵪ,"SEEN,MEEM,HAH",liga,64874_liga
64875,ﵫ,"SEEN,MEEM,HAH",liga,64875_liga
64876,ﵬ,"SEEN,MEEM,MEEM",liga,64876_liga
64877,ﵭ,"SEEN,MEEM,MEEM",liga,64877_liga
64878,ﵮ,"SAD,HAH,YEH",liga,64878_liga
64879,ﵯ,"SAD,HAH,MEEM",liga,64879_liga
64880,ﵰ,"SAD,HAH,MEEM",liga,64880_liga
64881,ﵱ,"TAH,MEEM,HAH",liga,64881_liga
64882,ﵲ,"TAH,MEEM,HAH",liga,64882_liga
64883,ﵳ,"TAH,MEEM,MEEM",liga,64883_liga
64884,ﵴ,"TAH,MEEM,YEH",liga,64884_liga
64885,ﵵ,"AIN,HAH,MEEM",liga,64885_liga
64886,ﵶ,"AIN,MEEM,MEEM",liga,64886_liga
64887,ﵷ,"AIN,MEEM,MEEM",liga,64887_liga
64888,ﵸ,"AIN,MEEM,YEH",liga,64888_liga
64889,ﵹ,"AIN,MEEM,MEEM",liga,64889_liga
64890,ﵺ,"AIN,MEEM,YEH",liga,64890_liga
64891,ﵻ,"AIN,MEEM,YEH",liga,64891_liga
64892,ﵼ,"FEH,HAH,MEEM",liga,64892_liga
64893,ﵽ,"FEH,HAH,MEEM",liga,64893_liga
64894,ﵾ,"QAF,MEEM,HAH",liga,64894_liga
64895,ﵿ,"QAF,MEEM,MEEM",liga,64895_liga
64896,ﶀ,"LAM,HAH,MEEM",liga,64896_liga
64897,ﶁ,"LAM,HAH,YEH",liga,64897_liga
64898,ﶂ,"LAM,HAH,YEH",liga,64898_liga
64899,ﶃ,"LAM,HAH,HAH",liga,64899_liga
64900,ﶄ,"LAM,HAH,HAH",liga,64900_liga
64901,ﶅ,"LAM,HAH,MEEM",liga,64901_liga
64902,ﶆ,"LAM,HAH,MEEM",liga,64902_liga
64903,ﶇ,"LAM,MEEM,HAH",liga,64903_liga
64904,ﶈ,"LAM,MEEM,HAH",liga,64904_liga
64905,ﶉ,"MEEM,HAH,HAH",liga,64905_liga
64906,ﶊ,"MEEM,HAH,MEEM",liga,64906_liga
64907,ﶋ,"MEEM,HAH,YEH",liga,64907_liga
64908,ﶌ,"MEEM,HAH,HAH",liga,64908_liga
64909,ﶍ,"MEEM,HAH,MEEM",liga,64909_liga
64910,ﶎ,"MEEM,HAH,HAH",liga,64910_liga
64911,ﶏ,"MEEM,HAH,MEEM",liga,64911_liga
64914,ﶒ,"MEEM,HAH,HAH",liga,64914_liga
64915,ﶓ,"HEH,MEEM,HAH",liga,64915_liga
64916,ﶔ,"HEH,MEEM,MEEM",liga,64916_liga
64917,ﶕ,"NOON,HAH,MEEM",liga,64917_liga
64918,ﶖ,"NOON,HAH,YEH",liga,64918_liga
64919,ﶗ,"NOON,HAH,MEEM",liga,64919_liga
64920,ﶘ,"NOON,HAH,MEEM",liga,64920_liga
64921,ﶙ,"NOON,HAH,YEH",liga,64921_liga
64922,ﶚ,"NOON,MEEM,YEH",liga,64922_liga
64923,ﶛ,"NOON,MEEM,YEH",liga,64923_liga
64924,ﶜ,"YEH,MEEM,MEEM",liga,64924_liga
64925,ﶝ,"YEH,MEEM,MEEM",liga,64925_liga
64926,ﶞ,"BEH,HAH,YEH",liga,64926_liga
64927,ﶟ,"BEH,HAH,YEH",liga,64927_liga
64928,ﶠ,"BEH,HAH,YEH",liga,64928_liga
64929,ﶡ,"BEH,HAH,YEH",liga,64929_liga
64930,ﶢ,"BEH,HAH,YEH",liga,64930_liga
64931,ﶣ,"BEH,MEEM,YEH",liga,64931_liga
64932,ﶤ,"BEH,MEEM,YEH",liga,64932_liga
64933,ﶥ,"HAH,MEEM,YEH",liga,64933_liga
64934,ﶦ,"HAH,HAH,YEH",liga,64934_liga
64935,ﶧ,"HAH,MEEM,YEH",liga,64935_liga
64936,ﶨ,"SEEN,HAH,YEH",liga,64936_liga
64937,ﶩ,"SAD,HAH,YEH",liga,64937_liga
64938,ﶪ,"SEEN,HAH,YEH",liga,64938_liga
64939,ﶫ,"SAD,HAH,YEH",liga,64939_liga
64940,ﶬ,"LAM,HAH,YEH",liga,64940_liga
64941,ﶭ,"LAM,MEEM,YEH",liga,64941_liga
64942,ﶮ,"YEH,HAH,YEH",liga,64942_liga
64943,ﶯ,"YEH,HAH,YEH",liga,64943_liga
64944,ﶰ,"YEH,MEEM,YEH",liga,64944_liga
64945,ﶱ,"MEEM,MEEM,YEH",liga,64945_liga
64946,ﶲ,"QAF,MEEM,YEH",liga,64946_liga
64947,ﶳ,"NOON,HAH,YEH",liga,64947_liga
64948,ﶴ,"QAF,MEEM,HAH",liga,64948_liga
64949,ﶵ,"LAM,HAH,MEEM",liga,64949_liga
64950,ﶶ,"AIN,MEEM,YEH",liga,64950_liga
64951,ﶷ,"KAF,MEEM,YEH",liga,64951_liga
64952,ﶸ,"NOON,HAH,HAH",liga,64952_liga
64953,ﶹ,"MEEM,HAH,YEH",liga,64953_liga
64954,ﶺ,"LAM,HAH,MEEM",liga,64954_liga
64955,ﶻ,"KAF,MEEM,MEEM",liga,64955_liga
64956,ﶼ,"LAM,HAH,MEEM",liga,64956_liga
64957,ﶽ,"NOON,HAH,HAH",liga,64957_liga
64958,ﶾ,"HAH,HAH,YEH",liga,64958_liga
64959,ﶿ,"HAH,HAH,YEH",liga,64959_liga
64960,ﷀ,"MEEM,HAH,YEH",liga,64960_liga
64961,ﷁ,"FEH,MEEM,YEH",liga,64961_liga
64962,ﷂ,"BEH,HAH,YEH",liga,64962_liga
64963,ﷃ,"KAF,MEEM,MEEM",liga,64963_liga
64964,ﷄ,"AIN,HAH,MEEM",liga,64964_liga
64965,ﷅ,"SAD,MEEM,MEEM",liga,64965_liga
64966,ﷆ,"SEEN,HAH,YEH",liga,64966_liga
64967,ﷇ,"NOON,HAH,YEH",liga,64967_liga
64975,﷏,NO_JOIN,symbol,64975_symbol
65008,ﷰ,"SAD,LAM,YEH BARREE",liga,65008_liga
65009,ﷱ,"QAF,LAM,YEH BARREE",liga,65009_liga
65010,ﷲ,"ALEF,LAM,LAM,HEH",liga,65010_liga
65011,ﷳ,"ALEF,KAF,BEH,REH",liga,65011_liga
65012,ﷴ,"MEEM,HAH,MEEM,DAL",liga,65012_liga
65013,ﷵ,"SAD,LAM,AIN,MEEM",liga,65013_liga
65014,ﷶ,"REH,SEEN,WAW,LAM",liga,65014_liga
65015,ﷷ,"AIN,LAM,YEH,HEH",liga,65015_liga
65016,ﷸ,"WAW,SEEN,LAM,MEEM",liga,65016_liga
65017,ﷹ,"SAD,LAM,YEH",liga,65017_liga
65018,ﷺ,"SAD,LAM,YEH,SPACE,ALEF,LAM,LAM,HEH,SPACE,AIN,LAM,YEH,HEH,SPACE,WAW,SEEN,LAM,MEEM",liga,65018_liga
65019,ﷻ,"HAH,LAM,SPACE,HAH,LAM,ALEF,LAM,HEH",liga,65019_liga
65020,﷼,"REH,YEH,ALEF,LAM",liga,65020_liga
65021,﷽,NO_JOIN,symbol,65021_symbol
65022,﷾,NO_JOIN,symbol,65022_symbol
65023,﷿,NO_JOIN,symbol,65023_symbol
65152,ﺀ,NO_JOIN,isol,65152_isol
65153,ﺁ,ALEF,isol,65153_isol
65154,ﺂ,ALEF,final,65154_final
65155,ﺃ,ALEF,isol,65155_isol
65156,ﺄ,ALEF,final,65156_final
65157,ﺅ,WAW,isol,65157_isol
65158,ﺆ,WAW,final,65158_final
65159,ﺇ,ALEF,isol,65159_isol
65160,ﺈ,ALEF,final,65160_final
65161,ﺉ,YEH,isol,65161_isol
65162,ﺊ,YEH,final,65162_final
65163,ﺋ,YEH,init,65163_init
65164,ﺌ,YEH,medi,65164_medi
65165,ﺍ,ALEF,isol,65165_isol
65166,ﺎ,ALEF,final,65166_final
65167,ﺏ,BEH,isol,65167_isol
65168,ﺐ,BEH,final,65168_final
65169,ﺑ,BEH,init,65169_init
65170,ﺒ,BEH,medi,65170_medi
65171,ﺓ,TEH MARBUTA,isol,65171_isol
65172,ﺔ,TEH MARBUTA,final,65172_final
65173,ﺕ,BEH,isol,65173_isol
65174,ﺖ,BEH,final,65174_final
65175,ﺗ,BEH,init,65175_init
65176,ﺘ,BEH,medi,65176_medi
65177,ﺙ,BEH,isol,65177_isol
65178,ﺚ,BEH,final,65178_final
65179,ﺛ,BEH,init,65179_init
65180,ﺜ,BEH,medi,65180_medi
65181,ﺝ,HAH,isol,65181_isol
65182,ﺞ,HAH,final,65182_final
65183,ﺟ,HAH,init,65183_init
65184,ﺠ,HAH,medi,65184_medi
65185,ﺡ,HAH,isol,65185_isol
65186,ﺢ,HAH,final,65186_final
65187,ﺣ,HAH,init,65187_init
65188,ﺤ,HAH,medi,65188_medi
65189,ﺥ,HAH,isol,65189_isol
65190,ﺦ,HAH,final,65190_final
65191,ﺧ,HAH,init,65191_init
65192,ﺨ,HAH,medi,65192_medi
65193,ﺩ,DAL,isol,65193_isol
65194,ﺪ,DAL,final,65194_final
65195,ﺫ,DAL,isol,65195_isol
65196,ﺬ,DAL,final,65196_final
65197,ﺭ,REH,isol,65197_isol
65198,ﺮ,REH,final,65198_final
65199,ﺯ,REH,isol,65199_isol
65200,ﺰ,REH,final,65200_final
65201,ﺱ,SEEN,isol,65201_isol
65202,ﺲ,SEEN,final,65202_final
65203,ﺳ,SEEN,init,65203_init
65204,ﺴ,SEEN,medi,65204_medi
65205,ﺵ,SEEN,isol,65205_isol
65206,ﺶ,SEEN,final,65206_final
65207,ﺷ,SEEN,init,65207_init
65208,ﺸ,SEEN,medi,65208_medi
65209,ﺹ,SAD,isol,65209_isol
65210,ﺺ,SAD,final,65210_final
65211,ﺻ,SAD,init,65211_init
65212,ﺼ,SAD,medi,65212_medi
65213,ﺽ,SAD,isol,65213_isol
65214,ﺾ,SAD,final,65214_final
65215,ﺿ,SAD,init,65215_init
65216,ﻀ,SAD,medi,65216_medi
65217,ﻁ,TAH,isol,65217_isol
65218,ﻂ,TAH,final,65218_final
65219,ﻃ,TAH,init,65219_init
65220,ﻄ,TAH,medi,65220_medi
65221,ﻅ,TAH,isol,65221_isol
65222,ﻆ,TAH,final,65222_final
65223,ﻇ,TAH,init,65223_init
65224,ﻈ,TAH,medi,65224_medi
65225,ﻉ,AIN,isol,65225_isol
65226,ﻊ,AIN,final,65226_final
65227,ﻋ,AIN,init,65227_init
65228,ﻌ,AIN,medi,65228_medi
65229,ﻍ,AIN,isol,65229_isol
65230,ﻎ,AIN,final,65230_final
65231,ﻏ,AIN,init,65231_init
65232,ﻐ,AIN,medi,65232_medi
65233,ﻑ,FEH,isol,65233_isol
65234,ﻒ,FEH,final,65234_final
65235,ﻓ,FEH,init,65235_init
65236,ﻔ,FEH,medi,65236_medi
65237,ﻕ,QAF,isol,65237_isol
65238,ﻖ,QAF,final,65238_final
65239,ﻗ,QAF,init,65239_init
65240,ﻘ,QAF,medi,65240_medi
65241,ﻙ,KAF,isol,65241_isol
65242,ﻚ,KAF,final,65242_final
65243,ﻛ,KAF,init,65243_init
65244,ﻜ,KAF,medi,65244_medi
65245,ﻝ,LAM,isol,65245_isol
65246,ﻞ,LAM,final,65246_final
65247,ﻟ,LAM,init,65247_init
65248,ﻠ,LAM,medi,65248_medi
65249,ﻡ,MEEM,isol,65249_isol
65250,ﻢ,MEEM,final,65250_final
65251,ﻣ,MEEM,init,65251_init
65252,ﻤ,MEEM,medi,65252_medi
65253,ﻥ,NOON,isol,65253_isol
65254,ﻦ,NOON,final,65254_final
65255,ﻧ,NOON,init,65255_init
65256,ﻨ,NOON,medi,65256_medi
65257,ﻩ,HEH,isol,65257_isol
65258,ﻪ,HEH,final,65258_final
65259,ﻫ,HEH,init,65259_init
65260,ﻬ,HEH,medi,65260_medi
65261,ﻭ,WAW,isol,65261_isol
65262,ﻮ,WAW,final,65262_final
65263,ﻯ,YEH,isol,65263_isol
65264,ﻰ,YEH,final,65264_final
65265,ﻱ,YEH,isol,65265_isol
65266,ﻲ,YEH,final,65266_final
65267,ﻳ,YEH,init,65267_init
65268,ﻴ,YEH,medi,65268_medi
65269,ﻵ,"LAM,ALEF",liga,65269_liga
65270,ﻶ,"LAM,ALEF",liga,65270_liga
65271,ﻷ,"LAM,ALEF",liga,65271_liga
65272,ﻸ,"LAM,ALEF",liga,65272_liga
65273,ﻹ,"LAM,ALEF",liga,65273_liga
65274,ﻺ,"LAM,ALEF",liga,65274_liga
65275,ﻻ,"LAM,ALEF",liga,65275_liga
65276,ﻼ,"LAM,ALEF",liga,65276_liga
33,!,!,punctuation,33_punctuation
34,"""","""",punctuation,34_punctuation
35,#,#,symbol,35_symbol
36,$,$,symbol,36_symbol
37,%,%,symbol,37_symbol
38,&,&,punctuation,38_punctuation
39,',',punctuation,39_punctuation
40,(,(,symbol,40_symbol
41,),),symbol,41_symbol
42,*,*,symbol,42_symbol
43,+,+,symbol,43_symbol
44,",",",",punctuation,44_punctuation
45,-,-,punctuation,45_punctuation
46,.,.,punctuation,46_punctuation
47,/,/,symbol,47_symbol
48,0,0,latin_digit,48_latin_digit
49,1,1,latin_digit,49_latin_digit
50,2,2,latin_digit,50_latin_digit
51,3,3,latin_digit,51_latin_digit
52,4,4,latin_digit,52_latin_digit
53,5,5,latin_digit,53_latin_digit
54,6,6,latin_digit,54_latin_digit
55,7,7,latin_digit,55_latin_digit
56,8,8,latin_digit,56_latin_digit
57,9,9,latin_digit,57_latin_digit
58,:,:,punctuation,58_punctuation
59,;,;,punctuation,59_punctuation
60,<,<,symbol,60_symbol
61,=,=,symbol,61_symbol
62,>,>,symbol,62_symbol
63,?,?,punctuation,63_punctuation
64,@,@,symbol,64_symbol
65,A,A,latin,65_latin
66,B,B,latin,66_latin
67,C,C,latin,67_latin
68,D,D,latin,68_latin
69,E,E,latin,69_latin
70,F,F,latin,70_latin
71,G,G,latin,71_latin
72,H,H,latin,72_latin
73,I,I,latin,73_latin
74,J,J,latin,74_latin
75,K,K,latin,75_latin
76,L,L,latin,76_latin
77,M,M,latin,77_latin
78,N,N,latin,78_latin
79,O,O,latin,79_latin
80,P,P,latin,80_latin
81,Q,Q,latin,81_latin
82,R,R,latin,82_latin
83,S,S,latin,83_latin
84,T,T,latin,84_latin
85,U,U,latin,85_latin
86,V,V,latin,86_latin
87,W,W,latin,87_latin
88,X,X,latin,88_latin
89,Y,Y,latin,89_latin
90,Z,Z,latin,90_latin
91,[,[,symbol,91_symbol
92,\,\,symbol,92_symbol
93,],],symbol,93_symbol
94,^,^,symbol,94_symbol
95,_,_,symbol,95_symbol
96,`,`,symbol,96_symbol
97,a,a,latin,97_latin
98,b,b,latin,98_latin
99,c,c,latin,99_latin
100,d,d,latin,100_latin
101,e,e,latin,101_latin
102,f,f,latin,102_latin
103,g,g,latin,103_latin
104,h,h,latin,104_latin
105,i,i,latin,105_latin
106,j,j,latin,106_latin
107,k,k,latin,107_latin
108,l,l,latin,108_latin
109,m,m,latin,109_latin
110,n,n,latin,110_latin
111,o,o,latin,111_latin
112,p,p,latin,112_latin
113,q,q,latin,113_latin
114,r,r,latin,114_latin
115,s,s,latin,115_latin
116,t,t,latin,116_latin
117,u,u,latin,117_latin
118,v,v,latin,118_latin
119,w,w,latin,119_latin
120,x,x,latin,120_latin
121,y,y,latin,121_latin
122,z,z,latin,122_latin
123,{,{,symbol,123_symbol
125,},},symbol,125_symbol
126,~,~,symbol,126_symbol
